,1170,,,,,,,,,,,247,,,,,,,,74,,,,,,,,,,,,35,,,,,,,,,,,,,,,,,,
,Leads Piso 2024,,,,,,,,,,,Leads Piso 2025,,,,Total ,Total Ajustado,Raking ,Raking ajustado,Ventas Piso 2024,,,,,,,,,,,,Ventas Piso 2025,,,,* se actualiza al reportar en Sale-U ,,,,263,,,979,811,,,Factor minimo mejor vendedor ,Factor minimo mejor vendedor ,,
,459,27,95,110,65,107,88,59,40,53,67,71,61,80,35,1417,661,,,9,5,9,1,3,10,9,6,3,11,8,10,12,9,4,12,3,Leads Prom X Mes,T. Ventas Piso ,Factor   ,Total de Ventas Historicas ,RAKING VENTAS,Dependencia de Piso ,Historico de PDM,Historico de SDC,Conversion PDM,Conversion SDC,Factor  PDM,Factor  SDC,Raking PDM,Raking SDC
Asesor ,feb,mar,abr,may,jun,jul,ago,sep,oct,nov,dic,ene,feb,mar,abr, , ,,,feb,mar,abr,may,jun,jul,ago,sep,oct,nov,dic,ene,feb,mar,abr,May ,Junio,,,,,,,,,,,,,,
ABIGAIL,23,,,,,,,,,,,,,,,23,0,17,28, ,,,,,,,,,,,,,, ,,,0,0,0%,1,23,0%,1,5,100%,0%,1.00,5.00,1,20
ALAN GONZALES,1,,,,,,, ,,1,9,15,12,19,5,62,61,8,3, ,,,,,,,,,1,2,4,1,2,1,1,,10,11,18%,18,6,61%,59,40,31%,2%,3.28,2.22,7,10
ALICIA LEDESMA,,,1,,,,,,,,,,,,,1,0,38,28, ,,,,,,,,,,,,,, ,,,0,0,0%,,0,0%,1,1,0%,0%,0.00,0.00,,
AURELIO FELIPE,,,,,,,,1,6,,,,,20,6,33,33,14,8, ,,,,,,,,2,,,,,1, ,3,2,8,3,9%,8,11,38%,28,31,29%,1%,3.50,3.88,9,18
CARLOS ALBERTO NIETO,,,,2,,,2,8,4,10,11,7,13,,,57,55,9,5, ,,,,,,,2,,3,1,,3,, ,,,7,9,16%,15,8,60%,64,30,23%,2%,4.27,2.00,13,7
CARLOS TEXIS ,,,,,,,,,1,1,,1,1,,,4,4,32,17, ,,,,,,,,,,,,1,, ,,,1,1,25%,4,17,25%,21,26,19%,1%,5.25,6.50,18,23
CARLOS MANUEL CARMONA,18,10,27,34,11,3,,,,,,,,,,103,3,5,21, ,3,2,1,,,,,,,,,,, ,,,16,6,6%,,0,0%,54,8,0%,0%,0.00,0.00,,
CINTYA ,,,,,1,,,,,,,,,,,1,0,38,28, ,,,,,,,,,,,,,, ,,,1,0,0%,,0,0%,3,5,0%,0%,0.00,0.00,,
CLAUDIA GALVAN ,,,,,,,,,,1,2,,,,,3,3,34,21, ,,,,,,,,,,,,,, ,,,2,0,0%,2,19,0%,25,22,8%,0%,12.50,11.00,22,26
CASA,1,,3,3,2,,,,,1,,,2,1,,13,4,25,17, ,,,,,,,,,1,,,1,, ,,,2,2,15%,21,4,10%,20,32,105%,0%,0.95,1.52,,3
DANIEL DE LEON CANDIA,1,,1,,,,,1,5,10,14,9,6,,,47,45,11,6, ,,,,,,,,,1,1,1,2,, ,,,8,5,11%,12,9,42%,36,25,33%,2%,3.00,2.08,6,9
DAVID JIMENEZ,,,10,5,7,,,,,,,,,,,22,0,18,28, ,,,,,,,,,,,,,, ,,,6,0,0%,1,23,0%,19,5,5%,0%,19.00,5.00,23,20
Demo Vendedor,2,2,2,,,3,,,,,,,,,,9,3,27,21,2,2,1,,,,,,,,,,,, ,,,3,5,56%,,-,0%,7,5,0%,0%,0.00,0.00,,
GUADALUPE PEREZ,,,1,2,5,,,,,,,,,,,8,0,28,28, ,,,,,,,,,,,,,, ,,,4,0,0%,,-,0%,8,7,0%,0%,0.00,0.00,,
SEBASTIAN BENHUMEA,1,,1,,,1,1,,,2,,,,,,6,4,30,17, ,,,,,,,,,,,,,, ,,,1,0,0%,2,19,0%,25,22,8%,0%,12.50,11.00,22,26
USUARIO DE BDC Y CASA ,2,1,4,1,,3,6,1,,,,,,,,18,10,22,15, ,,,,,,,,,,,,,, ,,,3,0,0%,11,10,0%,17,11,65%,0%,1.55,1.00,3,1
JAIME GONZALEZ,,,1,1,4,12,29,8,7,1,,,,,,63,57,7,4, ,,1,,1,2,2,,1,,,,,, ,,,9,7,11%,25,3,28%,34,61,74%,0%,1.36,2.44,2,12
JESUS SERRANO,114,,,,,,,,,,,,,,,114,0,3,28,2,,,,,,,,,,,,,, ,,,0,2,2%,2,19,100%,18,6,11%,17%,9.00,3.00,20,15
JOSE CARLOS  ZENTENO,,,,,,8,,,,,,,,,,8,8,28,16, ,,,,,1,,,,,,,,, ,,,8,1,13%,1,23,100%,5,2,20%,50%,5.00,2.00,17,7
JOSE EDUARDO  PARADA,,,,,,,,,,,,,,,2,2,2,36,25, ,,,,,,,,,,,,,, ,,,2,0,0%,,-,0%,4,8,0%,0%,0.00,0.00,,
JOSE MANUEL  LOPEZ,2,,,,,,,,,,,,,,,2,0,36,28,2,,,,,,,,,,,,,, ,,,0,2,100%,3,18,67%,1,5,300%,13%,0.33,1.67,,4
JOSE MANUEL LOPEZ,67,1,,,,,,,,,,,,,,68,0,6,28, ,,,,,,,,,,,,,, ,,,0,0,0%,,-,0%,0,7,#DIV/0!,0%,0.00,0.00,,
JOSETTE RAMON,,,,2,5,17,5,9,,9,4,,,,,51,44,10,7, ,,,,,,2,1,,3,,,,, ,,,7,6,12%,16,7,38%,48,49,33%,1%,3.00,3.06,6,16
LAURA LOPEZ ,,,,,,,1,,,1,,,,,2,4,4,32,17, ,,,,,,,,,,,,,, ,,,1,0,0%,,-,0%,3,2,0%,0%,0.00,0.00,,
LIZBETH GOMEZ GONZALEZ,10,1,1,,,,,,,,,,,,,12,0,26,28, ,,,,,,,,,,,,,, ,,,0,0,0%,,-,0%,4,3,0%,0%,0.00,0.00,,
LUIS ALBERTO  RODRIGUEZ ,6,,12,,,2,,,,,,,,,,20,2,20,25, ,,,,,,,,,,,,,, ,,,2,0,0%,,-,0%,3,5,0%,0%,0.00,0.00,,
LUISA LBERTO  GOMEZ,42,1,1,,,,,,,,,,,,,44,0,12,28,1,,,,,,,,,,,,,, ,,,0,1,2%,2,19,50%,9,4,22%,13%,4.50,2.00,14,7
MARIA GUADALUPE PALACIOS ,,,,,,,,,,1,10,17,,,,28,28,15,9, ,,,,,,,,,,2,1,,, ,,,9,3,11%,7,13,43%,35,24,20%,2%,5.00,3.43,17,17
MAURICIO ALFREDO ,,,,,,,,,,,,1,6,9,6,22,22,18,10, ,,,,,,,,,,,,1,1,2,2,1,6,4,18%,8,11,50%,29,42,28%,1%,3.63,5.25,10,21
MIGUEL ANGEL SONDEREGGER ,37,,4,36,21,37,25,16,8,6,9,6,1,,,206,108,1,1,1,,,,2,6,4,1,,2,1,1,,, ,,,17,18,9%,28,2,64%,117,66,24%,1%,4.18,2.36,12,11
MONICA GISELA FLORES ,,,,,,2,7,5,2,,,,,,,16,16,23,13, ,,,,,,,1,,,,,,, ,,,4,1,6%,,-,0%,22,9,0%,0%,0.00,0.00,,
NANCY OLASCOAGA ,1,,,,,,,2,5,2,,,,7,2,19,18,21,11, ,,,,,,,,,,,,,, ,,,4,0,0%,6,14,0%,48,55,13%,0%,8.00,9.17,19,24
NAYELI MONTES DEOCA,41,1,,,,,,,,,,,,,,42,0,13,28, ,,,,,,,,,,,,,, ,,,0,0,0%,1,23,0%,4,3,25%,0%,4.00,3.00,11,15
OSCAR ALONSO,,,,,,,1,,,3,2,1,7,,,14,14,24,14, ,,,,,,,,,,,,,, ,,,3,0,0%,6,14,0%,29,36,21%,0%,4.83,6.00,15,22
PAUL  ROSAS IRIGOYIN,1,,4,,,,,,,,,,,,,5,0,31,28,1,,4,,,,,,,,,,,, ,,,0,5,100%,6,14,83%,5,9,120%,9%,0.83,1.50,,2
PAUL ROSAS,83,7,11,6,,,,,,,,,,,,107,0,4,28, ,,,,,,,,,,,,,, ,,,6,0,0%,,-,0%,1,6,0%,0%,0.00,0.00,,
PEDRO GONZALES ,2,,11,17,7,19,11,5,2,4,6,13,12,13,6,128,91,2,2, ,,1,,,1,1,1,,,1,3,3,2,1,2,,10,14,11%,36,1,39%,123,75,29%,1%,3.42,2.08,8,9
RICARDO SILVA HERAS,,,,,,,,,,,,,,,3,3,3,34,21, ,,,,,,,,,,,,,, ,1,,3,0,0%,,-,0%,3,2,0%,0%,0.00,0.00,,
sys_competition,,,,,,,,1,,,,,,,,1,1,38,27, ,,,,,,,,,,,,,, ,,,1,0,0%,,-,0%,0,,,,0.00,0.00,,
VICTOR MANUEL SANCHEZ ARROYO,4,3,,1,2,,,2,,,,1,1,11,3,28,18,15,11, ,,,,,,,,,,,,,3, ,3,,3,3,11%,21,4,14%,46,57,46%,0%,2.19,2.71,4,13
